msgid,DE,EN,FR,IT,RM
add_layer,Layer hinzufügen,Add Layer,Ajouter couche,Aggiungere layer,Agiuntar Layer
add_wms_layer_failed,Fehler beim Laden WMS Layer,Error when loading WMS layer,Erreur au chargement de la couche WMS,Errore nel caricamento del layer WMS,Sbagl tar il chargiar de la WMS layer
add_wms_layer_succeeded,WMS Layer erfolgreich geladen,WMS layer successfully loaded,Couche WMS chargée avec succès,Layer WMS caricato con successo,Chargià con success il WMS Layer
are,ARE,ARE,ARE,ARE,ARE
are_service_link_href,http://www.are.admin.ch/index.html?lang=de,http://www.are.admin.ch/index.html?lang=en,http://www.are.admin.ch/index.html?lang=fr,http://www.are.admin.ch/index.html?lang=it,http://www.are.admin.ch/index.html?lang=de
are_service_link_label,www.are.admin.ch,www.are.admin.ch,www.are.admin.ch,www.are.admin.ch,www.are.admin.ch
bafu,BAFU,FOEN,OFEV,UFAM,UFAM
bafu_service_link_href,http://www.bafu.admin.ch/index.html?lang=de,http://www.bafu.admin.ch/index.html?lang=en,http://www.bafu.admin.ch/index.html?lang=fr,http://www.bafu.admin.ch/index.html?lang=it,http://www.bafu.admin.ch/index.html?lang=de
bafu_service_link_label,www.bafu.admin.ch,www.bafu.admin.ch,www.bafu.admin.ch,www.bafu.admin.ch,www.bafu.admin.ch
energie,Energie,Energy,Énergie,Energia,Energia
energie_service_link_href,http://www.bfe.admin.ch/geoinformation/index.html?lang=de,http://www.bfe.admin.ch/geoinformation/index.html?lang=en,http://www.bfe.admin.ch/geoinformation/index.html?lang=fr,http://www.bfe.admin.ch/geoinformation/index.html?lang=it,
energie_service_link_label,www.map.energie.admin.ch,www.map.energy.admin.ch,www.map.energie.admin.ch,www.map.energia.admin.ch,
topic_energie_tooltip,Energie,Energy,Énergie,Energia,Energia
cadastre,Grundstückinformation,Land and property,Informations foncières,Informazioni sui fondi,Inf. bains immobigliars
cadastre_service_link_href,http://www.cadastre.ch/internet/kataster/de/home.html,http://www.cadastre.ch/internet/kataster/en/home.html,http://www.cadastre.ch/internet/kataster/fr/home.html,http://www.cadastre.ch/internet/kataster/it/home.html,http://www.cadastre.ch/internet/kataster/de/home.html
cadastre_service_link_label,cadastre.ch,cadastre.ch,cadastre.ch,cadastre.ch,cadastre.ch
topic_cadastre_tooltip,Grundstückinformation,Land and property,Informations foncières,Informazioni sui fondi,Infos bains immobigliars
bg_chooser_label,Hintergrund,Background,Fond de plan,Sfondo,Fund da la carta
blw,BLW,FOAG,OFAG,UFAG,UFAG
blw_service_link_href,mailto:info@blw.admin.ch,mailto:info@blw.admin.ch,mailto:info@blw.admin.ch,mailto:info@blw.admin.ch,mailto:info@blw.admin.ch
blw_service_link_label,info@blw.admin.ch,info@blw.admin.ch,info@blw.admin.ch,info@blw.admin.ch,info@blw.admin.ch
browse,Browse,Browse,Parcourir,Browse,Browse
cancel,Abbrechen,Cancel,Annuler,Annullare,Interrumper
catalog,Katalog,Catalog,Catalogue,Catalogo,Catalog
change_topic,Thema,Topic,Thème,Temi,Tema
choose_theme,Thema wechseln,Change topic,Changer thème,Cambiare tema,Midar tema  
choose_wms_url,URL,URL,URL,URL,URL
close,Schliessen,Close,Fermer,Chiudere,Serrar
close_menu,Menü schliessen,Close menu,Fermer menu,Chiudere menu,Serrar
,,,,,
contact_us,Kontakt,Contact,Contact,Contatto,Contact
coordinates_label,Koordinaten (m),Coordinates (m),Coordonnées (m),Coordinate (m),Coordinatas (m)
copyright_label,Copyright & Datenschutzerklärung,Copyright & data protection,Conditions d'utilisation,Copyright e dichiarazione della protezione dei diritti d'autore,Copyright & decleraziun da protecziun da datas
ct,Kt.,Ct.,Ct. ,Ct.,Kt.
data,Daten:,Data:,Données:,Dati:,Datas:
copyright_data,© Daten:,© Data:,© Données:,© Dati:,© Datas:
description,Beschreibung,Description,Description,Descrizione,Descripziun
description_instructions,Beschreibung des WMS Layers,Description of the WMS layer,Description des couches WMS,Descrizione dei layer WMS,Descripziun WMS Layers
desktop_redirect,Link zur Desktop Version,Link to desktop version,Lien vers version PC,Link per versione desktop,Link tar versiun desktop
district,Bezirk,District,District,Distretto,District
invalid_url,URL ist ungültig.,URL is not valid.,URL non valide.,URL non valido,URL è nunvalid
drop_me_here,KML Datei hierhin ziehen,Drop KML file here,Déplacer le fichier KML ici,Spostare file KML qui,Trair vi la datoteca KML nà qua
ech,Geokatalog,Geocatalog,Géocatalogue,Geocatalogo,Catalog da geodatas
ech_service_link_href,https://www.geo.admin.ch/de/home.html,https://www.geo.admin.ch/en/home.html,https://www.geo.admin.ch/fr/home.html,https://www.geo.admin.ch/it/home.html,https://www.geo.admin.ch/rm/home.html
ech_service_link_label,geo.admin.ch,geo.admin.ch,geo.admin.ch,geo.admin.ch,geo.admin.ch
elevation,Höhe,Elevation,Altitude,Altitudine,Autezza
email_us,E-Mail,Email,Courriel,Email,E-mail
embed_map,Karte einbetten,Embed map,Intégrer la carte,Incorpora mappa,Integrar charta
error,Fehler,Error,Erreur,Errore,Sbagl
facebook_tooltip,Teilen Sie diese Karten mit Ihren Freunden auf Facebook,Share this map with your friends,Partager cette carte avec vos amis,Condivida la carta con i suoi amici,Partais quella charta cun Voss amis
feature,Objekt,Object,Objet,Oggetto,Objekt
file_is_not_kml,Dieses File ist keine KML Datei. ,The file is not a KML file.,Ce fichier n'est pas un fichier KML.,Questo file non è un file KML.,Questa datoteca nun è ina datoteca KML
file_too_large,Die Datei ist zu gross.,The file is too large.,Ce fichier est trop volumineux,Il file é troppo grande,Questa datoteca è memia grond
follow_us,Folgen Sie uns,Follow us,Suivez-nous,Seguiteci,Giais suenter a nus
funksender,Funksender,Radio transmitter,Emetteur radio,Trasmettitore radio,Emettur radiofonic 
funksender_service_link_href,mailto:info@bakom.admin.ch,mailto:info@bakom.admin.ch,mailto:info@bakom.admin.ch,mailto:info@bakom.admin.ch,mailto:info@bakom.admin.ch
funksender_service_link_label,info@bakom.admin.ch,info@bakom.admin.ch,info@bakom.admin.ch,info@bakom.admin.ch,info@bakom.admin.ch
geol,Geologie,Geology,Géologie,Geologia,Geologia
geol_service_link_href,http://www.geologieportal.ch/internet/geologieportal/de/home.html,http://www.geologieportal.ch/internet/geologieportal/en/home.html,http://www.geologieportal.ch/internet/geologieportal/fr/home.html,http://www.geologieportal.ch/internet/geologieportal/it/home.html,http://www.geologieportal.ch/internet/geologieportal/de/home.html
geol_service_link_label,www.geologieportal.ch,www.geologieportal.ch,www.geologieportal.ch,www.geologieportal.ch,www.geologieportal.ch
google_plus_tooltip,Teilen Sie diese Karte auf Google Plus,Share this map on Google Plus,Partager cette carte sur Google Plus,Condivida questa carta su Google Plus,Partai questa charta sin Google Plus
help_label,Hilfe,Help,Aide,Aiuto,Agid
homescreen_content,"Wir empfehlen Ihnen diese Funktion zu benutzen, um diese Applikation direkt auf Ihrer Startseite zu platzieren.",We recommand to use this function in order to place this application on your homescreen.,Nous vous recommandons d'utiliser cette fonction pour placer cette application directement sur l'écran d'accueil.,Consigliamo di usare questa funzione per posizionare l'applicazione direttamente sulla schermata iniziale.,Nus cussegliain Vus da utilisar questa funcziun per plazzar questa applicaziun directamain sin Vossa pagina iniziala
homescreen_title,Startseite,Homescreen,Ecran d'accueil,Pagina iniziale,Pagina iniziala
,,,,,
import_kml,KML Import,KML import,KML import,Importare KML,Importar KML
import_wms,WMS Import,WMS import,WMS import,Importare WMS,Importar WMS
inspire,INSPIRE,INSPIRE,INSPIRE,INSPIRE,INSPIRE
inspire_service_link_href,https://www.geo.admin.ch/de/home.html,https://www.geo.admin.ch/en/home.html,https://www.geo.admin.ch/fr/home.html,https://www.geo.admin.ch/it/home.html,https://www.geo.admin.ch/rm/home.html
inspire_service_link_label,geo.admin.ch,geo.admin.ch,geo.admin.ch,geo.admin.ch,geo.admin.ch
ivs,Hist. Verkehrswege,IHR Inventory,Voies comm. hist.,Vie com. storiche,Vias da com. ist.
ivs_service_link_href,http://www.ivs.admin.ch/,http://www.ivs.admin.ch/,http://www.ivs.admin.ch/fr/,http://www.ivs.admin.ch/it/,http://www.ivs.admin.ch/
ivs_service_link_label,www.ivs.admin.ch,www.ivs.admin.ch,www.ivs.admin.ch,www.ivs.admin.ch,www.ivs.admin.ch
kgs,KGS Inventar 2009,KGS Inventory 2009,Inventaire PBC 2009,Inventario PBC 2009,Inventari PBC 2009
kgs_service_link_href,http://www.babs.admin.ch/de/aufgabenbabs/kgs/inventar.html,http://www.babs.admin.ch/de/aufgabenbabs/kgs/inventar.html,http://www.babs.admin.ch/fr/aufgabenbabs/kgs/inventar.html,http://www.babs.admin.ch/it/aufgabenbabs/kgs/inventar.html,http://www.babs.admin.ch/de/aufgabenbabs/kgs/inventar.html
kgs_service_link_label,Kulturgüterschutz,Protection of Cultural Property,Protection des biens culturels,Protezione dei beni culturali,Protecziun dals bains culturals
kml,KML,KML,KML,KML,KML
lang_chooser_label,Sprache,Language,Langue,Lingua,Lingua
last_available_year,Last year,Last year,Last year,Last year,Last year
layer_selection,Auswahl,Selection,Sélection de couches,Selezione,Selecziun
legend,Legende,Legend,Légende,Legenda,Legenda
link_bowl_crosshair,Link mit Fadenkreuz,Link with bowl crosshair,Lien avec marqueur,Link con mirino,Link cun cruschera
link_validate_kml,Link zur Validierung des KML,Link to KML validation,Lien vers validation KML,Link alla validazione KML,Link to KML validation
locations,Gehe nach ...,Go to ...,Aller à ...,Vai a ...,Ir a ...
locations_results_header,Gehe nach ...,Go to ...,Aller à ...,Vai a ...,Ir a ...
locations_results_header_fuzzy,Meinten Sie ...,Did you mean...,Pensiez-vous à...,Intendevi forse...,Meinten Sie eventuell...
mail_tooltip,Schicken Sie eine Karte per Email an Ihre Freunde,Send a map-email to your friends,Envoyer une carte à vos amis,Spedisca la carta ai suoi amici,Tramettais ina charta per e-mail a Voss amis
map_info,Karte hinzufügen ...,Add map ...,Ajouter la carte ...,Aggiungi set di dati ...,Agiuntar charta ...
layers_results_header,Karte hinzufügen ...,Add map ...,Ajouter la carte ...,Aggiungi set di dati ...,Agiuntar charta ...
map_tools,Erweiterte Werkzeuge,Advanced tools,Outils avancés,Strumenti avanzati,Utensils extendida
metadata_window_title,Infobox,Infobox,Infobox,Infobox,Infobox
mobile_redirect,Mobile Version,Mobile version,Version mobile,Versione mobile,Versiun mobila
nga,Breitbandatlas,Broadband map,Atlas large bande,Atlante banda larga,Atlas da spectrum lartg 
nga_service_link_href,https://www.bakom.admin.ch/bakom/de/home.html,https://www.bakom.admin.ch/bakom/en/homepage.html,https://www.bakom.admin.ch/bakom/fr/page-daccueil.html,https://www.bakom.admin.ch/bakom/it/pagina-iniziale.html,https://www.bakom.admin.ch/bakom/de/home.html
nga_service_link_label,www.bakom.admin.ch,www.bakom.admin.ch,www.bakom.admin.ch,www.bakom.admin.ch,www.bakom.admin.ch
no_file,Keine Datei,No file,Pas de fichier,Nessun file,Nagina datoteca
object_information,Objekt-Information,Object information,Information objet,Informazione oggetto,Infurmaziun da l'object
open_menu,Menü öffnen,Open menu,Ouvrir menu,Aprire menu,Avrir
,,,,,
parcel,Parzelle,Parcel,Parcelle,Parcelle,Parzelle
paste_url,URL einfügen,Paste URL,Coller URL,Incolla URL,Encollar l'URL
permalink,Permalink,Permalink,Permalien,Permalink,Permalink
plz,PLZ,ZIP,NPA,NPA,PLZ
position,Position,Position,Position,Posizione,Posiziun
print,Drucken,Print,Imprimer,Stampa,Stampa
print_action,Erstelle PDF für Druck,Create PDF for print,Créer PDF pour impression,Creare PDF per la stampa,Creais PDF per stampa
print_layout,Orientierung,Orientation,Orientation,Orientamento,Layout
print_scale,Massstab,Scale,Echelle,Scala,Scala
problem_announcement,Problem melden,Report problem,Annoncer un problème,Segnala un problema,Rapportar in problem
qrcode_tooltip,Erstellen Sie einen QRCode und öffnen Sie die Karte auf Ihrem Mobilgerät,Create a QRCode and open this map on your mobile device,Créer un QRCode et ouvrir cette carte depuis votre appareil mobile,Creare un QRCode e aprire questa carta su dispositivo mobile,Creais in QRCode e avris la charta sin Voss apparat movibel
revision_service,Revisionsdienst swisstopo,revision service of swisstopo,service de révision de swisstopo,Servizio di revisione di swisstopo,Servetsch da revisiun da swisstopo
sachplan,Sachpläne,Sectoral plans,Plans sectoriels,Piani settorali,Plans secturials
sachplan_service_link_href,http://www.sachplan.ch,http://www.sachplan.ch,http://www.planssectoriels.ch,http://www.pianisettoriali.ch,http://www.sachplan.ch
sachplan_service_link_label,Sachpläne des Bundes,Sectoral plans,Les plans sectoriels de la Confédération,I piani settoriali della Confederazione,Plans secturials da la Confederaziun
search_help,Hilfe,Help,Aide,Aiuto,Agid
search_placeholder,"z.B. Bundesplatz 1 Bern, 46.7 7.5, Lärmkarte ...","e.g. Bundesplatz 1 Bern, 46.7 7.5, Noise map ...","par ex. Bundesplatz 1 Bern, 46.7 7.5, Carte du bruit ...","ad es. Bundesplatz 1 Bern, 46.7 7.5, Rumore stradale ...","e.g. Bundesplatz 1 Bern, 46.7 7.5, Charta canera ..."
send,Senden,Send,Envoyer,Inviare,Trametter
settings,Konfiguration,Configuration,Réglages,Impostazioni,Configuraziun 
share,Teilen,Share,Partager,Condividere,Parter
success,OK,OK,OK,OK,OK
swisstopo,swisstopo,swisstopo,swisstopo,swisstopo,swisstopo
swisstopo_service_link_href,https://www.swisstopo.admin.ch/de/home.html,https://www.swisstopo.admin.ch/en/home.html,https://www.swisstopo.admin.ch/fr/home.html,https://www.swisstopo.admin.ch/it/home.html,https://www.swisstopo.admin.ch/de/home.html
swisstopo_service_link_label,Bundesamt für Landestopografie swisstopo,Federal Office of Topography swisstopo,Office fédéral de topographie swisstopo,Ufficio federale di topografia swisstopo ,Uffizi federal da topografia swisstopo
third_party_data_warning,Warnung: diese Daten kommen von einem Drittanbieter. Dieser Permalink zeigt möglicherweise auf Daten eines Drittanbieters. Wollen Sie diese Daten dennoch laden?,Warning: Third party data shown. The permalink you use contains possibly reference to third party data. Would your really load these data?,Mise en garde données tierces. Le permalien que vous utilisez contient peut-être des références à des données tierces ne provenant pas de map.geo.admin.ch. Voulez-vous également visualiser ces données sachant que map.geo.admin.ch ne prend aucune responsabilité quant à ces données?,Attenzione: questi dati provengono da terze parti. Il permalink usato fa riferimento probabilmente a dati di terze parti. Volete veramente caricare questi dati?,Attenziun: questas datas derivan d'in terz purschider. Quest permalink va eventualmain sin datas d'in terz purschider. Vulais Vus tuttina chargiar questas datas?
external_data_warning,Warnung: diese Daten kommen von einem Drittanbieter (--URL--). Verfügbarkeit wird durch Drittanbieter gewährleistet. Es gelten zusätzlich die Bedingungen der entsprechenden Datenherren.,Warning: Third party data shown (--URL--).  Availability is ensured by third party data provider. The terms and conditions of the third party data owner do apply and have to be respected.,Attention: Mise en garde données tierces (--URL--). La disponibilité des données est assurée par des tiers. Les conditions d’utilisation du propriétaire respectif des données doivent être respectées.,Attenzione: questi dati provengono da terze parti (--URL--). La loro disponibilità è soggetta al provider esterno. I termini e le condizioni dei rispettivi proprietari dei dati devono essere rispettate.,Attenziun: questas datas derivan da terzs offerents (--URL--). La disponibladad vegn garantida tras terzs offerents. Ultra da quai valan las cundiziuns dals patruns da las datas respectivs.
external_data_tooltip,Daten eines Drittanbieters ,Dataset provided by third party,Données tierces,Dati di terze parti,Daten eines Drittanbieters 
title,Titel,Title,Titre,Titolo,Titel
tooltip,Tooltip,Tooltip,Tooltip,Tooltip,Tooltip
transparency,Transparenz,Transparency,Transparence,Trasparenza,Transparenza
twitter_tooltip,Twittern Sie diese Karte,Tweet this map,Tweeter cette carte,Tweet della carta,Tschivlottais questa charta
void_layer,kein Hintergrund,White background,Fond blanc,Nessuna carta,Nagina charta
wms,WMS,WMS,WMS,WMS,WMS
wms_max_size_allowed,Maximal erlaubte WMS Grösse,WMS max size allowed,Taille maximum WMS autorisée,Dimensione massima WMS,Capacitad da WMS maximala 
graticule,Koordinatennetz,Coordinate grid,Réseau de coordonnées,Griglia di coordinate,Rait da coordinatas 
movie,Zeitreihen (Multi-PDF),Time serie (Mutliple PDF),Série temporelle (Multi-PDF),Serie storica (Multi-PDF),Seria temporala (Multi-PDF)
no_layers_info,Kein Layer auf der Karte,No layer in the map,Aucune couche sur la carte,Nessun layer sulla mappa,Nagin layer sin la charta
compare,Vergleichen,Compare,Comparer,Confrontare,Confruntar
inform_draw_rectangl_ctrl,Mit CTRL + Rechteck (cmd für Mac) über die Karte ziehen lassen sich mehrere Objekte auf einmal räumlich abfragen.,To select several objects use CTRL (cmd on Mac) and draw a rectangle on the map.,Dessiner un rectangle sur la carte avec la touche CTRL (cmd on Mac) enfoncée pour choisir la zone de sélection.,Disegnare un rettangolo sulla mappa tenendo premuto il tasto CTRL (cmd per Mac) per selezionare più oggetti contemporaneamente,Per selecziunar plirs objects en ina: smatgai CTRL e faschai in rectangul sin la charta.
item,Gehe zum Objekt ...,Go to the object ...,Aller sur l'objet ...,Vai all'oggetto ...,Ir al object ...
featuresearch_results_header,Gehe zum Objekt ...,Go to the object ...,Aller sur l'objet ...,Vai all'oggetto ...,Ir al object ...
items,Objekte,Objects,Objets,Oggetti,Objects
not_enough_layer_for_swipe,Der erste Datensatz der Auswahl kann verglichen werden. Es muss dafür mindestens ein Datensatz ausgewählt sein.,The first data set of the selection can be compared. You need at least one active data set.,"La première couche est comparée avec les autres. Pour utiliser cette fonction, ajouter au moins une couche de données.","Il primo layer è confrontato con gli altri. Per utilizzare questa funzione, selezionare almeno un layer.",Confruntar datas: Tscherni l'emprim in u plirs nivels da la glista
swipe,Vergleichen,Compare,Comparer,Confrontare,Confruntar
time_bt_disabled_tooltip,Die Darstellung von Zeitständen ist nur mit historisierten Daten möglich. Sie müssen zuerst einen historisierten Datensatz in die Karte laden.,The representation of data time stamps needs historized data. Please add a historized dataset in order to use this function.,La représentation de données historiques n'est possible qu'avec les couches historisées. Veuillez d'abord ajouter une couche historisée sur la carte.,La visualizzazione storica dei dati è possibile solo con i layer storicizzati. Aggiungere un layer storicizzato per utilizzare questa funzione,La visualisaziun istorica da las datas è pussaivla mo cun ils layers istorisads. Vus stuais l'emprim chargiar in'unitad da datas istorisadas en la charta.
time_show,Aktivieren der Anzeige von Daten-Zeitständen.,Enable representation of data time stamps.,Activer l'outil de représentation historique des données.,Attivare la visualizzazione storica dei dati,Activar la visualisaziun istorica da las datas.
time_hide,Deaktivieren der Anzeige von Daten-Zeitständen.,Disable representation of data time stamps.,Désactiver l'outil de représentation historique des données.,Disattivare la visualizzazione storica dei dati,Deactivar la visualisaziun istorica da las datas.
wait_data_loading,Laden...,Loading...,Chargement...,Caricamento...,Chargiar ...
luftbilder,Luftbilder,Aerial images,Photos aériennes,Immagini aeree ,Fotografia ord l'aria
luftbilder_service_link_label,Bundesamt für Landestopografie swisstopo,Federal Office of Topography swisstopo,Office fédéral de topographie swisstopo,Ufficio federale di topografia swisstopo,Uffizi federal da topografia swisstopo
luftbilder_service_link_href,https://www.swisstopo.admin.ch/de/karten-daten-online/karten-geodaten-online/lubis.html,https://www.swisstopo.admin.ch/en/maps-data-online/maps-geodata-online/lubis.html,https://www.swisstopo.admin.ch/fr/cartes-donnees-en-ligne/cartes-geodonnees-en-ligne/lubis.html,https://www.swisstopo.admin.ch/it/carte-dati-online/carte-geodati-online/lubis.html,https://www.swisstopo.admin.ch/de/karten-daten-online/karten-geodaten-online/lubis.html
aviation,Luftfahrt,Aviation,Aviation,Aviazione,Aviatica
aviation_service_link_label,Datendownload,Download data,Téléchargement des données,Download dei dati,Chargiar giu datas
aviation_service_link_href,https://www.bazl.admin.ch/bazl/de/home/fachleute/flugverkehr/luftfahrtinformationen/wegom---web-gis-obstacle-map.html,https://www.bazl.admin.ch/bazl/de/home/fachleute/flugverkehr/luftfahrtinformationen/wegom---web-gis-obstacle-map.html,https://www.bazl.admin.ch/bazl/fr/home/experts/trafic-aerien/informations-aeronautiques/wegom---web-gis-obstacle-map.html,https://www.bazl.admin.ch/bazl/it/home/professionale/traffico-aereo/informazioni-aeronautiche/wegom---web-gis-obstacle-map.html,https://www.bazl.admin.ch/bazl/de/home/fachleute/flugverkehr/luftfahrtinformationen/wegom---web-gis-obstacle-map.html
topic_aviation_tooltip,Luftfahrtdaten Schweiz,Swiss aviation data,Données relatives à l'aviation suisse,Dati relativi all'aviazione svizzera,Datas davart l'aviatica en Svizra
verteidigung,Verteidigung,Defence,Défense,Difesa,Defensiun
verteidigung_service_link_label,www.vtg.admin.ch,www.vtg.admin.ch,www.vtg.admin.ch,www.vtg.admin.ch,www.vtg.admin.ch
verteidigung_service_link_href,http://www.vtg.admin.ch/de/armee.html,http://www.vtg.admin.ch/en/armee.html,http://www.vtg.admin.ch/fr/armee.html,http://www.vtg.admin.ch/it/armee.html,http://www.vtg.admin.ch/de/armee.html
topic_verteidigung_tooltip,Verteidigung,Defence,Défense,Difesa,Defensiun
geothermie,Geothermie (BETA),Geoth. energy BETA,Géothermie (BETA),Geotermia (BETA),Geotermia (BETA)
geothermie_service_link_label,Weitere Informationen,More information,Lire la suite,Ulteriori informazioni,Ulteriuras infurmaziuns
geothermie_service_link_href,http://www.geologieportal.ch/internet/geologieportal/de/home/topics/energy/geothermalenergy/shortdesc.html,http://www.geologieportal.ch/internet/geologieportal/en/home/topics/energy/geothermalenergy/shortdesc.html,http://www.geologieportal.ch/internet/geologieportal/fr/home/topics/energy/geothermalenergy/shortdesc.html,http://www.geologieportal.ch/internet/geologieportal/it/home/topics/energy/geothermalenergy/shortdesc.html,http://www.geologieportal.ch/internet/geologieportal/de/home/topics/energy/geothermalenergy/shortdesc.html
topic_geothermie_tooltip,Geothermie,Geothermal energy,Géothermie,Geotermia,Geotermia
schneesport,Schneesport,Snowsport,Sport de neige,Sport sulla neve,Sport da naiv
schneesport_service_link_label,Schneesport,Snowsport,Sport de neige,Sport sulla neve,Sport da naiv
schneesport_service_link_href,https://shop.swisstopo.admin.ch/de/products/maps/leisure/ski_tour_maps,https://shop.swisstopo.admin.ch/en/products/maps/leisure/ski_tour_maps,https://shop.swisstopo.admin.ch/fr/products/maps/leisure/ski_tour_maps,https://shop.swisstopo.admin.ch/it/products/maps/leisure/ski_tour_maps,https://shop.swisstopo.admin.ch/de/products/maps/leisure/ski_tour_maps
topic_schneesport_tooltip,Schneesport,Snowsport,Sport de neige,Sport sulla neve,Sport da naiv
gewiss,Wasser,Waters,Eaux,Acque,Aua
gewiss_service_link_label,www.bafu.admin.ch/karten-wasser,www.bafu.admin.ch/karten-wasser,www.bafu.admin.ch/cartes-eaux,www.bafu.admin.ch/cartes-eaux,www.bafu.admin.ch/karten-wasser
gewiss_service_link_href,http://www.bafu.admin.ch/wasser/13462/13496/15866/index.html?lang=de,http://www.bafu.admin.ch/wasser/13462/13496/15866/index.html?lang=de,http://www.bafu.admin.ch/wasser/13462/13496/15866/index.html?lang=fr,http://www.bafu.admin.ch/wasser/13462/13496/15866/index.html?lang=fr,http://www.bafu.admin.ch/wasser/13462/13496/15866/index.html?lang=de
topic_gewiss_tooltip,Gewässerinformationen,water related issues,informations concernant les eaux,informazioni sulle acque,Infurmaziuns da las auas
emapis,Ländliche Entwicklung,Ländliche Entwicklung,Développement rural,Sviluppo rurale,Ländliche Entwicklung
emapis_service_link_label,info@blw.admin.ch,info@blw.admin.ch,info@blw.admin.ch,info@blw.admin.ch,info@blw.admin.ch
emapis_service_link_href,mailto:info@blw.admin.ch,mailto:info@blw.admin.ch,mailto:info@blw.admin.ch,mailto:info@blw.admin.ch,mailto:info@blw.admin.ch
topic_emapis_tooltip,Strukturverbesserungen,Strukturverbesserungen,Améliorations structurelles,Miglioramenti strutturali,Meglieraziuns da structura
measure,Messen,Measure,Mesurer,Misurazione,Mesirar
measure_instruction,Erfassen Sie eine Polylinie...,Digitize a polyline...,Digitalisez une polyligne...,Digitalizzare una polilinea...,Digitalisai ina polilingia ...
distance_label,Distanz,Distance,Distance,Distanza,Distanza
surface_label,Fläche,Area,Surface,Superficie,Surfatscha
profile_x_label,Entfernung,Distance,Distance,Distanza,Distanza
profile_y_label,Höhe,Elevation,Altitude,Elevazione,Autezza
profile_title,Profil,Profile,Profil,Profilo,Profil
display_profile,Profil erstellen,Display profile,Afficher le profil,Mostrare il profilo,Crear in profil
hide_profile,Profil verbergen,Hide profile,Masquer le profil,Nascondere il profilo,Zuppar il profil
azimuth_label,Azimut der ersten Linie,Azimuth of first line,Azimut de la 1ère ligne,Azimut della prima riga,Azimut der ersten Linie
full_screen,Vollbild,Full screen,Plein écran,Schermo intero,Maletg entir
no_feature_results,Keine Objekte gefunden,No objects found,Pas d'objets trouvés,Nessun oggetto trovato,Chattà nagins objects
draw,Zeichnen,Draw,Dessiner,Disegno,Dissegnar
draw_point,Punkt,Point,Point,Punto,Punct
draw_point_description,Punkt erfassen,Create point,Créer point,Crea punto,Registrar il punct
draw_point_instructions,Punkt erfassen,Create point,Créer point,Crea punto,Registrar il punct
draw_line,Linie,Line,Ligne,Linea,Lingia
draw_line_description,Linie erfassen,Create line,Créer ligne,Crea linea,Registrar la lingia
draw_line_instructions,Linie erfassen,Create line,Créer ligne,Crea linea,Registrar la lingia
draw_polygon,Polygon,Polygon,Polygone,Poligono,Poligon
draw_polygon_description,Polygon erfassen,Create polygon,Créer polygone,Crea poligono,Registrar il poligon
draw_polygon_instructions,Polygon erfassen,Create polygon,Créer polygone,Crea poligono,Registrar il poligon
draw_text,Text,Text,Texte,Nota,Etichetta
draw_text_description,Beschriftung erfassen,Create label,Créer étiquette,Crea etichetta,Crear in'etichetta
draw_text_instructions,Beschriftung erfassen,Create label,Créer étiquette,Crea etichetta,Crear in'etichetta
draw_modify,Editieren,Edit,Modifier,Cambiare,Editar
draw_modify_description,Objekt editeren,Edit object,Modifier objet,Modifica l'oggetto,Editar l'object
draw_modify_instructions,Objekt editeren,Edit object,Modifier objet,Modifica l'oggetto,Editar l'object
draw_delete,Löschen,Delete,Effacer,Cancellare,Stizzar
draw_delete_description,Alle Objekte löschen,Delete all features,Effacer tous les objets,Cancellare tutti gli oggetti,Stizzar tut ils objects
draw_delete_selected_features,Selektierte Objekte löschen,Delete selected features,Effacer les objets sélectionnés,Cancellare gli oggetti selezionati,Stizzar tut ils objects
draw_layer_label,Zeichnung,Drawing,Dessin,Disegno,Dissegn
draw_text_placeholder,kein Titel,no title,pas de titre,Nessun titolo,Betg titel
modify_color_label,Farbe,Color,Couleur,Colore,Colur
modify_text_label,Text,Text,Texte,Nota,Etichetta
add_text_label,Text zu hinzufügen,Display a text,Afficher un texte,Aggiungere nota,Text zu hinzufügen
modify_text_color_label,Text Farbe,Text color,Couleur du texte,Colore nota,Etichetta Colur
confirm_remove_all_features,Wollen Sie wirklich alle Objekte löschen?,Do you really want to delete all features?,Voulez-vous vraiment effacer tous les objets?,Volete veramente cancellare tutti gli oggetti?,Vulais Vus propi stizzar tut ils objects?
confirm_remove_selected_features,Wollen Sie wirklich alle selektierten Objekte löschen?,Do you really want to delete the selected features?,Voulez-vous vraiment effacer les objets sélectionnés?,Volete veramente cancellare gli oggetti selezionati?,Stizzar tut ils objects?
black,Schwarz,black,noir,nero,nair
blue,Blau,blue,bleu,blu,blau
gray,Grau,gray,gris,grigio,grisch
green,Grün,green,vert,verde,verd
orange,Orange,orange,orange,arancione,oransch
red,Rot,red,rouge,rosso,cotschen
white,Weiss,white,blanc,bianco,alv
yellow,Gelb,yellow,jaune,giallo,mellen
page_title,Karten der Schweiz - Schweizerische Eidgenossenschaft - map.geo.admin.ch,Maps of Switzerland - Swiss Confederation  - map.geo.admin.ch,Cartes de la Suisse - Confédération suisse - map.geo.admin.ch,Cartine della Svizzera - Confederazione svizzera - map.geo.admin.ch,Chartas da la svizra - Confederaziun svizra  - map.geo.admin.ch
page_description,"map.geo.admin.ch ist die Kartenplattform der Schweizerischen Eidgenossenschaft. Zugang zu Karten, Geoinformationen, -daten, -dienste und Metadaten der Schweiz.","map.geo.admin.ch is the mapping platform of the Swiss Confederation. Access federal geographical information, maps, data, services and metadata of Switzerland.","map.geo.admin.ch est la plateforme cartographique de la Confédération suisse et des cantons. Elle donne accès aux cartes, géoinformations, géodonnées, géoservices et métadonnées de la Suisse.","map.geo.admin.ch è la piattaforma cartografica della Confederazione svizzera e dei cantoni. Dà accesso alle cartine, alle geoinformazioni, ai geodati, ai geoservizi e ai metadati della Svizzera.","map.geo.admin.ch è la plattafurma da chartas da la confederaziun svizra. Access a las chartas, geoinfurmaziuns, a las geodatas, als geoservetschs ed a las metadatas."
modify_icon_size_label,Grösse,Size,Taille,Grandezza,Grondezza
modify_text_size_label,Grösse,Size,Taille,Grandezza,Grondezza
modify_icon_label,Symbol,Symbol,Icône,Icona,Icona
wmsimport_tooltip,Importieren Sie externe WMS Datenquellen,Import external WMS data sources,Importer des données WMS externes,Importare dati WMS esterni,Agiuntar in server externa WMS
kmlimport_tooltip,Importieren Sie externe KML Datenquellen,Import external KML data sources,Importer des données KML externes,Importare dati KML esterni,Agiuntar in unitad da datas externa KML
,,,,,
swipe_tooltip,Vergleichen Sie 2 Datenquellen,Compare 2 data sources,Comparer 2 jeux de données,Comparare 2 set di dati,Confruntar 2 funtauna da datas
measure_tooltip,Messen Sie auf der Karte,Measure on the map,Mesurer sur la carte,Misurazione sulla mappa,Mesirar sin la carta
featuretree_tooltip,Suchen Sie alle Objekte in einem Rechteck,Search for all features inside a rectangle,Rechercher tous les objets situés dans un rectangle,Ricerca tutti gli oggetti in un rettangolo,Tschertga tut ils objects in rectangul
draw_tooltip,Zeichnen Sie auf der Karte,Draw on the map,Dessiner sur la carte,Disegnare sulla mappa,Dissegnar sin la carta
bg_luftbild,Luftbild,Aerial imagery,Photo aérienne,Veduta aerea,Fotografia ord l'aria
reduce_label,Verkleinern,Minimize,Réduire,Riduci,empitschnir
topic_are_tooltip,Bundesamt für Raumentwicklung,Federal Office for Spatial Development ,Office fédéral du développement territorial ,Ufficio federale dello sviluppo territoriale ,Uffizi federal da planisaziun dal territori
topic_blw_tooltip,Bundesamt für Landwirtschaft,Federal Office for Agriculture,Office fédéral de l’agriculture,Ufficio federale dell’agricoltura,Uffizi federal d’agricultura
topic_bafu_tooltip,Bundesamt für Umwelt,Federal Office for the Environment,Office fédéral de l’environnement,Ufficio federale dell’ambiente,Uffizi federal d’ambient
topic_swisstopo_tooltip,Bundesamt für Landestopografie,Federal Office of Topography,Office fédéral de la topographie,Ufficio federale di topografia,Uffizi federal da topografia
topic_kgs_tooltip,Kulturgüterschutz,Protection of Cultural Property,Protection des biens culturels,Protezione dei beni culturali,Protecziun dals bains culturals
topic_funksender_tooltip,Funksender,Radio transmitter,Emetteur radio,Trasmettitore radio,Emettur radiofonic 
topic_nga_tooltip,Breitbandatlas,Broadband map,Atlas large bande,Atlante banda larga,Atlas da spectrum lartg 
topic_ivs_tooltip,Inventar historischer Verkehrswege,IHR Inventory,Inventaire des voies de communication historiques,Inventario delle vie di comunicazione storiche,Inventari federal da las vias da communicaziun istoricas
topic_sachplan_tooltip,Sachpläne des Bundes,Sectoral plans of the Federal Administration,Plans sectoriels de la Confédération,Piani settorali della Confederazione,Plans sectorals
topic_geol_tooltip,Geologie,Geology,Géologie,Geologia,Geologia
topic_luftbilder_tooltip,Luftbilder,Aerial images,Photos aériennes,Immagini aeree ,Fotografia ord l'aria
topic_inspire_tooltip,INSPIRE,INSPIRE,INSPIRE,INSPIRE,INSPIRE
topic_ech_tooltip,Geokatalog,Geocatalog,Géocatalogue,Geocatalogo,Catalog da geodatas
bg_pixel_color,Karte farbig,Color map,Cartes couleurs,Carta a colori,Charta en colur
bg_pixel_grey,Karte SW,Grey map,Cartes noir & blanc,Carta bianca e nera,Charta en alv e nair
feedback_attachment,Datei hinzufügen (optional),Attach a file (optional),Joindre un fichier (optionnel),Aggiungere un allegato (opzionale),Agiuntar datoteca (opziunal)
feedback_placeholder,"Fügen Sie eine .pdf, .zip, .jpg, .jpeg, .kml, .kmz oder .gpx Datei hinzu","Attach a pdf, zip, jpg, jpeg, kml, kmz or gpx file","Joindre un pdf, zip, jpg, jpeg, kml, kmz ou gpx","Aggiungere un pdf, zip, jpeg, kml, kmz o gpx","Agiuntai ina datoteca .pdf, .zip, .jpg, .jpeg, .kml, .kmz u .gpx"
feedback_unsupported_format,"Dieser Dateityp wird leider nicht unterstützt. Bitte verwenden Sie eine .pdf, .zip, .jpg, .jpeg, .kml, .kmz oder .gpx Datei.",This file format is not supported. Thanks for using another format for you attachment.,"Le format du fichier n’est pas pris en charge, merci d’utiliser un autre format pour votre pièce jointe.","Il formato del file selezionato non è supportato dal sistema, per favore utilizzare un altro formato per il vostro allegato.","Tip da datoteca betg supportà. Duvrai empè da quai pdf, .zip, .jpg, .jpeg, .kml, .kmz u .gpx"
wildruhezonen,Wildruhezonen,Des. Wildlife Areas,Zones de tranquillité,Zone di tranquillità,Zonas da paus
topic_wildruhezonen_tooltip,Wildruhezonen Schweiz,Designated Wildlife Areas  Switzerland,Zones de tranquillité en Suisse,Zone di tranquillità in Svizzera,Zonas da paus per la selvaschina en Svizra
wildruhezonen_service_link_label,wildruhezonen.ch,wildruhezonen.ch,zones-de-tranquillite.ch,zone-di-tranquillita.ch,wildruhezonen.ch
wildruhezonen_service_link_href,http://wildruhezonen.ch/,http://wildruhezonen.ch/,http://zones-de-tranquillite.ch/,http://zone-di-tranquillita.ch/,http://wildruhezonen.ch/
vu,Verkehrsunfälle,Road accidents,Accidents de la route,Incidenti stradali,Accidents da traffic
topic_vu_tooltip,Verkehrsunfälle,Road accidents,Accidents de la route,Incidenti stradali,Accidents da traffic
vu_service_link_label,ASTRA - Unfalldaten,FEDRO - Road accident data,OFROU - Données des accidents,USTRA - Dati sugli incidenti,UVIAS - datas d'accidents
vu_service_link_href,http://www.unfalldaten.ch ,http://www.unfalldaten.ch ,http://www.donneesaccidents.ch,http://www.datiincidenti.ch/,http://www.unfalldaten.ch 
offline_save,Karte Speichern,Save map,Enregistrer carte,Salvare la mappa,Arcurnar charta
abort,Abbrechen,Abort,Annuler,Annullare,Annullar
offline_abort,Abbrechen,Abort,Annuler,Annullare,Annullar
offline_modal_title,Offline Karte,Offline map,Carte offline,Mappa offline,Charta offline
offline_delete_data,Karte löschen,Delete map,Effacer carte,Eliminare la mappa,Stizzar charta
offline_show_extent,Ausschnitt anzeigen,Show extent,Afficher l'étendue,Mostrare l'estensione,Mussar l'extract
offline_hide_extent,Ausschnitt nicht anzeigen,Hide extent,Masquer l'étendue,Non mostrare l'estensione,Betg mussar l'extract
offline_zoom_extent,Auf Ausschnitt zoomen,Zoom to extent,Zoomer sur l'étendue,Zoom all'estensione,Zoom vers l'extract 
offline_sorry,Sie sind im Moment offline,You are currently offline.,Vous êtes actuellement offline. ,Modalità offline,Mumentan nun essas Vus betg collià
offline_save_new_data,Neue Karte speichern ,Save new map,Sauvegarder une nouvelle carte,Salvare una nuova mappa,Memorisar la nova charta
offline_save_warning,"- ~50MB Kartenmaterial wird heruntergeladen werden (bis Massstab 1:25'000) - Sperren Sie nicht ihr Gerät und verlassen Sie nicht die Seite während des Abspeicherns. \""Private\"" mode des Browsers muss deaktiviert sein.","- ~50MB of maps will be downloaded (until scale 1:25'000) - Don't lock your device or navigate away from this site during the download process. Deactivate \""private\"" mode of your browser.",- Vous allez télécharger ~50MB de carte (jusqu'à l'échelle 1:25'000) - Ne lockez pas votre appareil et ne quittez pas ce site durant le processus de téléchargement. Désactivez le mode « privé »,"- Saranno scaricati ~50MB di carte (fino alla scala 1:25000) - Non bloccare il dispositivo e non abbandonare questa pagina durante il download. Disattivare la modalità \""privata\""",Chargiar e memorisar la charta d'ina grondezza da ~50MB?
offline_space_warning,Nicht genügend Speicherplatz vorhanden. Bitte geben sie ~50MB auf ihrem Gerät frei oder wählen Sie maximal 2 Kartenthemen,"Not enough space left on device, please free at least 50 MB on your device or try to select less layers (we recommend one or 2 layers).","Pas suffisament de place sur votre appareil, merci de libérer 50MB ou de ne sélectionner que 1 ou 2 couches.",Memoria insufficiente sul dispositivo. Liberare ~50MB di spazio o selezionare al massimo 2 temi.,La capacitad da memorisar na tanscha betg. Per plaschair rendai disponibel ~50MB sin Voss computer.
offline_abort_warning,Wollen Sie wirklich alle Karten löschen?,Do you really want to delete all maps?,Voulez-vous vraiment supprimer tous les cartes?,Volete veramente cancellare tutte le carte?,Vulais Vus propi stizzar tut ils chartas?
offline_dl_succeed,Abspeichern erfolgreich!,Download successfull!,Téléchargement réussi!,Download riuscito!,Download reussì 
appcache_update_available,Neue Version offline Funktion verfügbar. Wollen Sie sie laden?,A new version of offline function is available. Load it?,Une mise à jour du site est disponible. Voulez-vous l'utiliser?,È a disposizione un aggiornamento del sito. Desiderate utilizzarlo?,Ina nova versiun stat a disposiziun offline. La vulais Vus chargiar giu?
offline_less_than_95,Problem: Karte konnte nicht komplett gespeichert werden. Bitte versuchen Sie es noch einmal.,Problem: the map was not stored completely. Please retry.,Problème: la carte n'a pas pu être téléchargée. Merci de réessayer.,Problema: la carta non è stata scaricata. Si prega di riprovare.,Problem: la charta na pudeva betg vegnir memorisada cumplet. Per plaschair empruvais anc ina giada.
offline_no_cacheable_layers,Es wurden keine Karten zum speichern ausgewählt.,No maps selected for saving,Aucune carte à sauvegarder.,Nessuna carta da salvare.,I n'èn vegnidas tschernidas naginas chartas per arcunar.
offline_clear_db_error,Fehler beim Löschen der gespeicherten Karten. Bitte versuchen Sie es noch einmal.,Error clearing  saved maps. Please try again.,Erreur lors de la suppression de la base de données. Réessayez.,Errore nell'eliminazione delle carte. Riprovare.,Errur cun stizzar las chartas memorisadas. Per plaschair empruvais anc ina giada.
Alle,Fehler beim löschen der gespeicherten Karten. Bitte versuchen Sie es nocheinmal.,Error clearing  saved maps. Please try again.,Erreur lors de la suppression de la base de données. Réessayez.,Errore nell'eliminazione delle carte. Riprovare.,Errur cun stizzar las chartas memorisadas. Per plaschair empruvais anc ina giada.
export_kml,Exportieren,Export,Exporter,Esportare,Exportar
time_all,Alle,All,Tout,Tutti,Tut
time_select_year,Wählen Sie ein Jahr aus,Select a year,Choisissez une année,Scegliete un anno,Selecziunais in onn
attach_drawing_kml,Zeichnung als KML Datei anhängen,Attach drawing as KML file,Joindre le dessin comme fichier KML,Allegare il disegno come file KML,Agiunscher il dissegn sco KML datoteca
kml_no_text_elements,Information: Die Labels werden nicht gespeichert,Information: The labels won't be saved,Information: Les étiquettes ne seront pas sauvées,Informazione: le etichette non saranno salvate, Infurmaziun: ils labels na vegnan betg memorisads
export_kml_notsupported,"Ihr Browser unterstützt die Speicherfunktion nicht. Benutzen Sie IE10, Firefox oder Chrome.","Your browser does not support the save function. Use IE10, Firefox or Chrome.","Votre browser ne supporte pas la function exporter. Veuillez employer IE10, Firefox ou Chrome.","Il vostro browser non supporta la fununzione salva. Usare IE10, Firefox o Chrome.","Voss browser na sustegna betg arcunar. Duvrai  IE10, Firefox u Chrome."
layer_invalid_no_name,"Der Datensatz kann nicht angezeigt werden, da er keine Bezeichnung hat",The layer can't be displayed because it has no name. ,La couche ne peut être affichée car elle n'a pas de nom.,Il layer non può essere visualizzato perchè non ha nome,"L'unitad da datas na po betg vegnir mussada, perquai ch'ella n'ha nagin num."
layer_invalid_no_crs,WMS unterstützt die Kartenprojektion nicht.,WMS does not support current map projection,WMS  ne supporte pas la projection de la carte,WMS: L'attuale proiezione della carta non è supportata,WMS na sustegna betg la projecziun cartografica
layer_invalid_outside_map,"Der Datensatz kann nicht angezeigt werden, da sein Inhalt nicht den Kartenausschnitt abdeckt",The layer can't be displayed because its extent is outside the map. ,La couche ne peut être affichée car elle est en dehors de l'étendue de la carte.,Il layer non può essere visualizzato perchè si trova fuori dall'estensione della mappa.,"Der Datensatz kann nicht angezeigt werden, da sein Inhalt nicht den Kartenausschnitt abdeckt"
feedback_create_geometry,"Sie haben die Möglichkeit, ihrem Bericht eine Zeichnung anzufügen: ",You have the possibility to attach a drawing to your report: ,Vous avez la possibilité d'associer un dessin à votre annonce: ,Avete la possibilità di associare un disegno al vostro annuncio:,Vus pudais agiuntar in dissegn a Voss rapport: 
feedback_kml_attached,Die aktuelle Zeichung wird übermittelt. ,The current drawing will be transferred. ,Le dessin actuel va être envoyé. ,Il disegno attuale verrà inviato.,Trametter dissegn actual
feedback_modify_drawing,Zeichnung editieren,Modify drawing,Modifier le dessin,Modificare il disegno,Editar la dissegn
remove,Entfernen,Remove,Supprimer,Cancellare,Stizzar
queries,Abfragen (BETA),Filters (BETA),Filtres (BETA),Filtri  (BETA),Filters (BETA)
query_num,Bedingung Nr {{num}},Condition n°{{num}},Condition n°{{num}},Condizione nr. {{num}},Cundiziun nr. {{num}}
query_choose,Abfrage auswählen:,Select filter:,Sélectionner un filtre:,Selezionare un filtro:,Tscherner in filter:
query_remove,Bedingung entfernen,Remove condition,Supprimer la condition,Eliminare il condizioni,Stizzar ina cundiziun
query_reset,Bedingung zurücksetzen,Reset condition,Réinitialiser la condition,Reinizializzare il condizioni,Reinizialisar la cundiziun
query_duplicate,Bedingung duplizieren,Duplicate condition,Dupliquer la condition,Duplicare la condizione,Dublegiar la cundiziun
query_search,Suchen,Search,Rechercher,Ricerca,Tschertgar
query_layer,--- Wählen Sie einen Layer ---,--- Select a layer ---,--- Selectionner une couche ---,--- Selezionare un layer ---,--- Tscherni in'unitad da datas ---
query_custom,Benutzerdefiniert,Custom filter,Filtre personnalisé,FIltro personalizzato,Filter persunalisà
query_alert_more_than_200_results,Ihre Abfrage gibt mehr als 200 Resultate zurück!,Your query returns more than 200 results!,Votre requête a plus de 200 résultats!,La richiesta ha prodotto più di 200 risultati!,Vossa retschertga ha passa 200 resultats!
alert_title,Achtung!,Alert!,Attention!,Attenzione!,Attenziun!
obstacle_started_last_2_weeks,Aktivierte Hindernisse letzte 2 Wochen,Activated obstacles of last 2 weeks,Obstacles activés ces 2 dernières semaines,Ostacoli attivati nelle ultime 2 settimane,Obstachels activads da las ultimas 2 emnas
obstacle_deleted_last_2_weeks,Gelöschte Hindernisse letzte 2 Wochen,Deleted obstacles of last 2 weeks,Obstacles supprimés ces 2 dernières semaines,Ostacoli soppressi nelle ultime 2 settimane,Obstachels stizzads da las ultimas 2 emnas
astra_alle_lastyear_casualties,Unfälle mit Getöteten 2015,Unfälle mit Getöteten 2015,Accidents avec tués 2015,Incidenti con persone decedute 2015,Unfälle mit Getöteten 2015
print_underway_message,"Wir bitten Sie um Geduld. Ein mehrseitiger Druck wird erstellt, dies nimmt einige Zeit in Anspruch.","We ask you for your patience. A multi-page print is underway, which can be time consuming.",Translation is missing,Translation is missing,"Nus As supplitgain d'avair in pau pazienza. In stampat da pliras paginas vegn preparà, quai dovra ses temp."
query_conditions,Abfragebedingungen,Query conditions,Conditions,Condizioni,Cundiziuns per il filter
no_searchable_layer,Kein abfragbarer Datensatz,No searchable layer,Pas de couche disponible,Nessun layer disponibile.,Nagina unitad da datas disponibla
offline_kml_too_big,Die KML Datei ist zu gross (>1MB). Sie wird nicht gespeichert,A KML flle is too large (> 1MB). It will be not saved.,Un fichier KML est trop volumineux (> 1mo). Il ne sera pas sauvegardé.,Un file KML è troppo grande (> 1Mb). Non verrà salvato.,La datoteca KML è memia gronda (>1MB). Ella na vegn betg arcunada
offline_bad_layer_type,Einer der Datensätze kann nicht für den Offline-Gebrauch gespeichert werden.,A layer has an invalid type. It can't be saved for an offline use. ,Une couche a un type invalide. Elle ne peut être sauvegardée pour un usage hors-ligne.,Uno dei layer non è valido. Non potrà venir salvato per l'uso offline.,Ina da las unitads da datas na po betg vegnir arcunada per la duvrar offline.
query_with_bbox,Kartenausschnitt benutzen,Use the map's bounding box,Utiliser l'étendue,Usare la selezione,Duvrar l'extract da la charta
show_more_results,Weitere Ergebnisse laden ...,Load more results ...,Afficher plus de résultats ...,Mostra altri risultati ...,Chargiar ulteriurs resultats ...
popup_blocked,Eine Einstellung Ihres Browsers verhindert das Öffnen von neuen Fenstern. Bitte passen Sie Ihre Browsereinstellungen entsprechend an.,Your browser does block pop-up windows. Please check your browser settings.,Le navigateur empêche l'ouverture d'une nouvelle fenêtre. Veuillez vérifier les paramètres de sécurité de votre navigateur.,Il browser ha impedito l'apertura di una nuova finestra. Si prega di verificare le impostazioni di sicurezza.,Il browser na permetta betg d'avrir ina nova fanestra (pop-up). Adattai p.pl. ils parameters da segirezza da Voss computer.
view_on_mapgeoadminch,In {{url}} ansehen,View on {{url}},Voir sur {{url}},Vedi in {{url}},Contemplar in {{url}}
show_more_options,Vorschau,Preview,Prévisualiser,Previsualizzazione,Prevista
small_size,Klein,Small,Petite,Piccole,Pitschen
medium_size,Mittel,Medium,Moyenne,Medie,Media
big_size,Gross,Large,Grande,Grandi,Grond
custom_size,Benutzerdefinierte Grösse,Custom size,Taille personnalisé,Dimensione personalizzata,Grondezza persunalisà
share_disclaimer,Sie können die Karte in Ihre Website oder ein Blog einbetten. <a href='https://www.geo.admin.ch/de/about-swiss-geoportal/impressum.html#iframe' target='_blank'>Nutzungsbedingungen</a>,You can embed the map into your website or blog. <a href='https://www.geo.admin.ch/en/about-swiss-geoportal/impressum.html#iframe' target='_blank'>Terms of use</a>,Vous pouvez intégrer la carte dans votre site web ou votre blog. <a href='https://www.geo.admin.ch/fr/about-swiss-geoportal/impressum.html#iframe' target='_blank'>Conditions d'utilisation</a>,È possibile incorporare la mappa nel tuo sito web o blog. <a href='https://www.geo.admin.ch/it/about-swiss-geoportal/impressum.html#iframe' target='_blank'>Condizioni d'uso.</a>,Vus pudais integrar la charta en Vossa pagina d'internet u en in blog. <a href='https://www.geo.admin.ch/rm/about-swiss-geoportal/impressum.html#iframe' target='_blank'>Cundiziuns d'utilisaziun</a>
share_preview,Vorschau der Kartengrösse,Preview actual size ,Afficher un aperçu en taille réelle,Visualizza un'anteprima a dimensione reale,Prevista grondezza charta
modify_description,Beschreibung,Description,Description,Descrizione,Descripziun
share_file_disclaimer,Ihre Zeichnung wird automatisch für ein Jahr gespeichert. Durch  die Nutzung  dieses Dienstes stimmen Sie den  <a href='https://www.geo.admin.ch/de/about-swiss-geoportal/impressum.html#drawing' target='_blank'>Nutzungsbedingungen</a> zu.,"Your drawing is automatically saved for one year. By using this service, you agree to the <a href='https://www.geo.admin.ch/en/about-swiss-geoportal/impressum.html#drawing' target='_blank'>the terms of service</a>.","Votre dessin est automatiquement stocké pour une année, vous acceptez ainsi les <a href='https://www.geo.admin.ch/fr/about-swiss-geoportal/impressum.html#drawing ' target='_blank'> conditions d'utilisation</a>.","Il disegno è automaticamente salvato per un anno. Utilizzando questo servizio, accetti i <a href='https://www.geo.admin.ch/it/about-swiss-geoportal/impressum.html#drawing' target='_blank'> termini di servizio</a>.",Voss dissegn vegn arcunà automaticamain per 1 onn. Utilisond quest servetsch acceptais Vus las  <a href='https://www.geo.admin.ch/rm/about-swiss-geoportal/impressum.html#drawing' target='_blank'> cundiziuns d'utilisaziun</a>.
share_file_link_title_admin,Sie können Ihre Zeichnung später über folgenden Link editieren: ,You will be able to modify your drawing by using the following link: ,Vous pouvez éditer votre dessin plus tard en conservant ce lien : ,Potrete in seguito modificare il vostro disegno utilizzando qesto link: ,"Vus pudais elavurar Voss dissegn pli tard sur il suandant link:
"
search_title,Ort suchen oder Karte hinzufügen:,Search for a place or add a map:,Rechercher un lieu ou ajouter une carte :,Cercare un luogo od aggiungi un set di dati :,Tschertgar lieu u agiuntar charta :
copy_url,Link kopieren,Copy the link,Copier le lien,Copia link,Copiar il link
copy_success,Link kopiert!,Link copied!,Lien copié !,Copiato link,Copià il link!
share_less,Einbetten:,Embed:,Intégrer :,Codice da incorporare :,Integrar:
share_link,Share link,Share link,Lien de partage,Condividi link,Parter il link
share_link_tooltip,"Drücken Sie Ctrl+c, um zu kopieren",Press Ctrl+c to copy,Pressez Ctrl+c pour copier,Clicca Ctrl+c per copiare,Smatgai Ctrl+c per copiar
share_more,Einbetten ...,Embed ...,Intégrer ...,Codice da incorporare ...,Integrar ...
draw_marker,Symbol,Marker,Symbole,Simbolo,Indicatur
draw_annotation,Text,Text,Texte,Testo,Text
draw_linepolygon,Linie,Line,Trait,Linea,Lingia
draw_measure,Messen,Measure,Mesurer,Misurare,Mesirar
draw_more,Mehr ...,More ...,Plus ...,Mostra ...,Dapli ...
draw_dl_kml,Download KML,Download as KML,Télécharger au format KML,Download come KML,TelechargiadaKML
draw_del_selected_features,Lösche ausgewählte Elemente ,Delete selected features,Supprimer objets sélectionnés,Eliminare gli oggetti selezionati,Stizzar ils elements selecziunads
draw_del_all_features,Lösche alle Elemente ,Delete all features,Supprimer tous les objets,Eliminare tutti gli oggetti,Stizzar tut ils elements
draw_type_marker,Linie / Fläche,Line / surface,Trait / surface,Linea / superficie,Lingia / surfatscha
draw_show_profile,Profil,Profile,Profil,Profilo,Profil
draw_show_measure,Distanz / Fläche,Distance / area,Distance / surface,Distanza / superficie,Distanza / surfatscha
draw_file_saved,Alle Änderungen gespeichert,Map saved.,Carte sauvegardée.,Tutte le modifiche salvate,Arcunà tut las midadas
draw_file_saving,Speichern ....,Saving ...,Sauvegarde....,Salvataggio...,Arcunar ...
draw_new_text,Neuer Text,New text,Nouveau texte,Nuova nota,Nov text
draw_popup_title_feature,Element,Feature,Objet,Elemento,Element
draw_popup_title_marker,Symbol,Marker,Symbole,Simbolo,Signalisaziun
draw_popup_title_annotation,Text,Text,Texte,Nota,Text
draw_popup_title_linepolygon,Linie / Fläche,Line / surface,Trait / surface,Linea / superficie,Lingia / surfatscha
draw_popup_title_measure,"Distanz, Fläche oder Profil messen","Measure distance, area, profile","Mesurer distance, surface, profil","Misurare distanza, superficie, profilo","Mesirar la distanza, la surfatscha u il profil"
draw_start_marker,Klicke um ein Symbol hinzufügen,Click to place a marker,Cliquer pour placer un symbole,Cliccare per posizionare un simbolo,Cliccar per agiuntar inasignalisaziun
draw_start_annotation,Klicke um einen Text hinzufügen,Click to place a text,Cliquer pour placer un texte,Cliccare per posizionare un testo,Cliccar per agiuntar in text
draw_start_linepolygon,Klicke um eine Linie oder Fläche zu zeichnen,Click to start a line or a surface,Cliquer pour commencer un trait ou une surface,Cliccare per cominciare una linea o una superficie,Cliccar per dissegnar ina lingia u ina surfatscha
draw_start_measure,Klicke um die Messung zu starten,Click to begin the measure,Cliquer pour commencer une mesure,Cliccare per cominciare una misura,Cliccar per cumenzara mesirar
draw_next_linepolygon,Klicke um weiteren Punkt hinzuzufügen (Doppelklick um zu beenden),Click to add another point (double-click to finish),Cliquer pour ajouter un nouveau point (double-click pour terminer),Cliccare per aggiungere un nuovo punto (doppio click per terminare),Cliccar per agiuntar in ulteriur punct (far in clic dubel per terminar)
draw_next_measure,Klicke um weiteren Punkt hinzuzufügen (Doppelklick um zu beenden),Click to add another point (double-click to finish),Cliquer pour ajouter un nouveau point (double-click pour terminer),Cliccare per aggiungere un nuovo punto (doppio click per terminare),Cliccar per agiuntar in ulteriur punct (far in clic dubel per terminar)
draw_snap_last_point_linepolygon,Klicke um Linie zu beenden,Click to finish the line,Cliquer pour terminer le trait,Cliccare per terminare la linea,Cliccar per terminar la lingia
draw_snap_last_point_measure,Klicke um Messung zu beenden,Click to finish the measure,Cliquer pour terminer la mesure,Cliccare per terminare la misura,Cliccar per terminar la mesiraziun
draw_snap_first_point_linepolygon,Klicke um Fläche zu schliessen,Click to close the surface,Cliquer pour fermer la surface,Cliccare per chiudere la superficie,Cliccar per serrar la surfatscha
draw_snap_first_point_measure,Klicke um Fläche zu schliessen,Click to close the surface,Cliquer pour fermer la surface,Cliccare per chiudere la superficie,Cliccar per serrar la surfatscha
draw_back,Zurück / Zeichnen beenden,Back / Finish drawing,Retour / Terminer dessin,Indietro / Finire il disegno,Enavos / finir dissegnar
draw_mode_title,Zeichnen & Messen,Draw & Measure,Dessin & Mesure,Disegno & Misura,Dissegnar & Mesirar
draw_panel_title,Zeichnen & Messen auf der Karte,Draw & Measure on map,Dessiner & Mesurer sur la carte,Disegnare & Misurare sulla mappa,Dissegnar & Mesirar sin la carta
draw_share_admin_link,Link um ihre Zeichnung später zu editieren,Link to edit your drawing later,Lien pour éditer votre dessin ultérieurement,Link per modificare il disegno più tardi,Link per elavurar pli tard Voss dissegn
draw_share_user_link,Link um ihre Zeichnung zu teilen,Link to share your drawing,Lien pour partager votre dessin,Link per condividere il disegno,Link per parter Voss dissegn
draw_layer_label,Zeichnung,Drawing,Dessin,Disegno,Dissegn
select_no_feature,Kein Element zur Auswahl,Nothing to select,Rien à sélectionner,Niente da selezionare,Kein Element zur Auswahl
select_feature_marker,Klick für Selektion Symbol,Click to select the marker,Cliquer pour sélectionner le symbole,Cliccare per selezionare il simbolo,Cliccar per tscherner il indicatur
select_feature_annotation,Klick für Selektion Text,Click to select the text,Cliquer pour selectionner l'annotation,Cliccare per selezionare il testo,Cliccar per tscherner il text
select_feature_linepolygon,Klick für Selektion Flächenlinie,Click to select the line or the surface,Cliquer pour selectionner le trait ou la surface,Cliccare per selezionare la linea o la superficie,Cliccar per tscherner il Lingia / surfatscha
select_feature_measure,Klick für Selektion Messung,Click to select the measure,Cliquer pour selectionner la mesure,Cliccare per selezionare la misura,Cliccar per tscherner il mesiraziun
modify_existing_vertex_marker,Verschieben Symbol: klick und ziehen ,Click then drag to move the marker,Cliquer puis bouger le curseur pour déplacer le symbole,Cliccare quindi trascinare per spostare il simbolo,Spustar signalisaziun :cliccar e trair
modify_existing_vertex_annotation,Verschieben Text: klick und ziehen ,Click then drag to move the text,Cliquer puis bouger le curseur pour déplacer l'annotation,Cliccare quindi trascinare per spostare il testo,Spustar text :cliccar e trair
modify_existing_vertex_linepolygon,Klick um Punkt zu löschen (2 Punkte im Minimum).<br/> Verschieben Punkt: klick und ziehen ,Click to delete the point (2 points min.)<br/>Click then drag to move the point,Cliquer pour supprimer le point (2 points min.)<br/>Cliquer puis bouger le curseur pour déplacer le point ,Cliccare per eliminare il punto (2 punti min.)<br/>Cliccare quindi trascinare per spostare il punto,Cliccar per stizzar il punct (2 puncts minimum).</br> Spustar punct :cliccar e trair
modify_existing_vertex_measure,Klick um Punkt zu löschen (2 Punkte im Minimum).<br/> Verschieben Punkt: klick und ziehen ,Click to delete the point (2 points min.)<br/>Click then drag to move the point,Cliquer pour supprimer le point (2 points min.)<br/>Cliquer puis bouger le curseur pour déplacer le point,Cliccare per eliminare il punto (2 punti min.)<br/>Cliccare quindi trascinare per spostare il punto,Cliccar per stizzar il punct (2 puncts minimum).</br> Spustar punct :cliccar e trair
modify_new_vertex_linepolygon,Klick um Punkt hinzuzufügen.<br/> Verschieben Punkt: klick und ziehen ,Click to add a point<br/>Click then drag to move the point,Cliquer pour ajouter un point<br/>Cliquer puis bouger le curseur pour déplacer le point,Cliccare per aggiungere un punto.<br/>Cliccare quindi trascinare per spostare il punto,Cliccar per agiuntar punct. Spustar punct :cliccar e trair
modify_new_vertex_measure,Klick um Punkt hinzuzufügen.<br/> Verschieben Punkt: klick und ziehen ,Click to add a point<br/>Click then drag to move the point, Cliquer pour ajouter un point<br/>Cliquer puis bouger le curseur pour déplacer le point,Cliccare per aggiungere un punto.<br/>Cliccare quindi trascinare per spostare il punto,Cliccar per agiuntar punct. Spustar punct :cliccar e trair
draw_delete_last_point,Letzter Punkt löschen: DEL Taste ,Press DEL to remove the last point drawn,Appuyer sur DEL pour effacer le dernier point,Premere DEL per rimuovere l'ultimo punto,Letzter Punkt löschen: DEL Taste 
layers_displayed,Dargestellte Karten,Maps displayed,Cartes affichées,Mappe visualizzate,Chartas preschentadas
help_search_data_link,Nach weiteren Karten suchen?,Looking for more maps?,Cherchez-vous d'autres cartes?,Cercate altre mappe?,Tschertgar ulteriuras chartas?
help_search_data_title,Suche nach Karten,Search for maps,Recherche de cartes,Ricerca di mappe,Tschertgar charta 
help_search_data,"Mit der 'Suche' können Sie Suchbegriffe eingeben (z.B. 'Moor', 'Strasse', 'Erdbeben' usw.) und nach Beschreibungen aller zentral verfügbaren elektronischen Geodaten suchen. Wenn Sie ein Resultat auswählen, wird es direkt im Kartenviewer dargestellt.","Under 'Search' you can enter search terms (keywords such as marsh, road, commune, earthquake) in order to search through all centrally available digital geodata. When you select one of the results offered, it will be displayed on the map viewer, as a separate data layer","Recherche' est un champ de saisie qui permet de rechercher des mots clefs (par exemple: 'marais', 'route', 'commune', etc.) dans la description de géodonnées disponibles. Lorsque vous sélectionnez un des résultats proposés, celui-ci est directement affiché en tant que jeux de données.","Sotto 'Ricerca', un campo di testo vi permette di ricercare delle parole chiave (ad esempio 'paludi', 'strada', 'comune', ecc.) all’interno delle descrizioni dei dati geografici disponibili. Una volta selezionato un layer tra i risultati proposti, questo viene visualizzato sulla mappa.","En la ""retschertga"" pudais Vus scriver las noziuns da tschertga (p.ex. ""palì"", ""via"", ""terratrembel"" e.u.v.) e tschertgar las descripziuns da tut las geodatas electronicas disponiblas en moda centrala. Sche Vus tschernis in resultat, vegn quel preschentà directamain en il program per mussar chartas."
not_available,tw,Not available,Not available,Non disponibile,Betg disponibel
not_available_3d,Not available in 3D!,Not available in 3D!,Not available in 3D!,Non disponibile in 3D!,Betg disponibel en 3D!
query_operator,Erweiterte Suchoperatoren,Advanced search operator,Opérateurs de recherche avancée,Operatori per la ricerca avanzata,Operaturs da tschertga extendids
height_diff_tot,Höhendifferenz,Altitude difference,Dénivellement,Dislivello,Differenza d'autezza
height_diff_up,Aufwärts (Höhendifferenz),Up (altitude difference) ,Asc.(dénivellement),Sal.(dislivello),ensi (differenza d'autezza)
height_diff_down,Abwärts (Höhendifferenz),Down (altitude difference),Desc.(dénivellement),Disc.(dislivello),engiu (differenza d'autezza)
no_more_information,Keine weiteren Informationen,No further information,Pas d'autres informations,Nessun'altra informazione,Naginas infurmaziuns ulteriuras
3d_ie11_alert,"Sie verwenden InternetExplorer <= 11: Die 3D Darstellung wird nicht performant sein. Bitte nutzen Sie die neueste Version von Microsoft EDGE, Firefox oder Chrome um beste Ergebnisse zu erhalten","You are using InternetExplorer <= 11 : 3D rendering will be slow. Please use latest Version of Microsoft EDGE, Firefox or Chrome to experience maximum performance","Vous utilisez Internet Explorer ≤ 11 : la représentation 3D ne sera pas performante. Veuillez SVP utiliser la dernière version de Microsoft EDGE, Firefox ou Chrome pour obtenir un résultat optimal.","State usando InternetExplorer versione 11 o più vecchia. La visualizzazione 3D sarà lenta. Usate se possibile l’ultima versione di Microsoft EDGE, Firefox o Chrome per avere prestazioni ottimali.","Vus utilisais in InternetExplorer <= 11: La preschentaziun en 3D na vegn betg ad esser performanta. Utilisai per plaschair la versiun la pli nova da Microsoft EDGE, da Firefox u da Chrome per survegnir ils megliers resultats."
3d_render_error,"Systemvorraussetzung für 3D Ansicht nicht erfüllt. Damit die 3D-Darstellung funktioniert, muss Ihr Gerät folgende Anforderungen erfüllen.Nutzen Sie die neueste Version von Microsoft EDGE, Firefox oder Chrome. Verwendung einer aktuellen Grafikkarte mit aktuellen Treibern. .","Requirements for 3D not met. To use the 3D mode your computer needs:Latest Version of Microsoft EDGE, Firefox or Chrome and up-to-date video card hardware and drivers.","Conditions requises pour la vue 3D ne sont pas satisfaites. Pour bénéficier de toutes les fonctionnalités 3D votre ordinateur doit respecter la configuration requise suivante :utiliser la dernière version de Microsoft EDGE, Firefox ou Chrome et une carte graphique et des pilotes à jour.","Requisiti per la vista 3D non soddisfatti. Per utilizzare la versione completa 3D il computer deve soddisfare i seguenti requisiti: Usate l’ultima versione di Microsoft EDGE, Firefox o Chrome.Hardware e driver della scheda video aggiornati. ","Il sistem n'ademplescha betg las premissas per la vista da 3D. Per che la preschentaziun en 3D funcziuneschia, sto Voss apparat ademplir las suandantas pretensiuns. Utilisai la versiun la pli nova da Microsoft EDGE, da Firefox u da Chrome. Utilisaziun d'ina charta grafica actuala cun drivers actuals."
shop_order,Bestellen,Order,Commander,Ordinare,Empustar
tile,Kartenblatt,Sheet,Feuille,Foglio,Kartenblatt
mapsheet,Kartenblatt,Sheet,Feuille,Foglio,Kartenblatt
commune,Gemeinde,City,Commune,Comune,Gemeinde
district,Bezirk,District,District,Distretto,Bezirk
canton,Kanton,Canton,Canton,Cantone,Kanton
rectangle,Rechteck,Extent,Rectangle,Rettangolo,Rechteck
whole,Ganzer Datensatz,All,Jeu de données complet,Set di dati completo,Ganzer Datensatz
3d_overlay_warning,"Wichtiger Hinweis: 2D-Daten in 3D.<br/>Sie betrachten jetzt Daten, die für die Darstellung in 3D nicht geeignet sind. Dies gilt insbesondere für Karten und Luftbilder. Diese werden in steilem Gelände bei der Nutzung in 3D verzerrt dargestellt
","Important NOTE: 2D data in 3D.<br/>You are now looking at data that are not suited for 3D viewing. This is especially true for maps and aerial photographs. In steep terrain they appear distorted when 3D is in use
","Note importante: les données 2D en 3D.<br/>Vous utilisez désormais des données qui ne sont pas adaptées à la visualisation en 3D. Ceci est valable pour les cartes et les photographies aériennes. Celles-ci apparaissent déformées en terrain escarpé dans l'utilisation en 3D.
 ",Nota importante: i dati 2D visualizzati in 3D.<br/>State utilizzando dati che sono poco adatti alla visualizzazione 3D. In particolare le carte e le fotografie aeree. Queste ultime appariranno deformate su terreni in forte pendenza quando la 3D è attiva.,"Remartga impurtanta: Datas da 2D en 3D.<br/>Vus guardais ussa datas che n'èn betg adattadas per la preschentaziun en 3D. Quai vala en spezial per chartas e fotografias ord l'aria. Quellas vegnan preschentadas en terren stip en 3D en moda defurmada."
shop_go_to,Zum shop,Go to shop,Aller au shop,Shop,Butia
shop_confirm,"Um den Bestellvorgang fortzusetzen, wird Ihre Auswahl zum Shop übertragen werden.","To continue the ordering process, your selection will be redirected to the shop.","Pour continuer la commande, votre sélection sera redirigé vers le shop.","Per completare l'ordine, la selezione verrà inviata allo Shop",Per cuntinuar cun l'empustaziun vegn Vossa selecziun surdada a la butia.
shop_cancel,Abbrechen,Abort,Annuler,Annullare,Interrumper
menu,Menü,Menu,Menu,Menu,Menu
shop_not_available,Die Karte ist zurzeit vergriffen.,The map is currently out of stock.,La carte est actuellement épuisée.,La carta è momentaneamente non disponibile.,La charta è actualmain exausta.
geoloc_permission_denied,"Die Positionsbestimmung ist nicht möglich, da ihre Einstellungen dies dem Browser/Website nicht erlauben. Erlauben sie die Positionsbestimmung deaktivieren Sie den ""Privat"" Modus des Browsers.","The acquisition of the position failed because your browser settings does not allow it. Allow your browser /this website to use your location. Deactivate the ""private"" mode of your browser","L'acquisition de la position a échoué parce que les paramètres du navigateur ne l'autorise pas. Autorisez votre navigateur/ce site à utiliser votre position. Désactivez le mode ""privé"" de votre navigateur.","L'aquisizione della posizione è fallita perchè il browser non l'ha permessa. Modificate le impostazioni per permettere a questo sito di utilizzare la geolocalizzazione e disattivate la modalità ""private"".","La posiziun na po betg vegnir fixada, perquai che la configuraziun da Voss browser / da Vossa pagina d'internet na permetta betg quai. Permettai da fixar la posiziun, deactivai il modus ""privat"" dal browser."
geoloc_pos_unavailable,"Die Positionsbestimmung ist nicht möglich. Fehlermeldung Gerät (WiFi, GPS). Prüfen sie die Einstellungen","The acquisition of the geolocation failed because at least one internal source of your device of position (Wifi, GPS) returned an internal error.","L'acquisition de la position a échoué parce qu'au moins une source interne de positionnement de votre mobile (WiFi, GPS) a retourné une erreur interne.","L'acquisizione della posizione è fallita perchè almeno un sistema di posizionamento del vostro apparecchio (WiFi, GPS) ha dato un errore.","La posiziun na po betg vegnir fixada. Messadi da sbagl da l'apparat (WiFi, GPS) Controllai la configuraziun."
geoloc_time_out,Ein timeout ihres Gerätes bei der Bestimmung der Position wurde erreicht. Bitte versuchen Sie es später,The time allowed to acquire the geolocation was reached before the information was obtained.Try later.,La durée maximale d'acquisition de la position a été dépassé avant d'avoir reçu l'information. Réessayez plus tard.,Il tentativo di geolocalizzazione ha raggiunto il limite di tempo. Provate più tardi.,n timeout da Voss apparat tar la fixaziun da la posiziun è vegnì cuntanschì. Empruvai per plaschair pli tard.
geoloc_unknown,"Aufgrund eine unbekannten Fehlers war die Positionsbestimmung nicht erflogreich. Prüfen sie die Einstellungen für Lokalisierung, Privatsphäre und Firewall ihres Gerätes.","Sorry, for an unknow reason the geolocation service doesn't work. Check your device location, privacy and firewalls settings","Désolé, pour une raison inconnue la service de géolocalisation ne fonctionne pas. Vérifiez les paramètres de ce  service, du mode privé et du firewall.","Spiacente, per una ragione sconosciuta il servizio di geolocalizzazione non funziona. Controllate le impostazioni del dispositivo per la geolocalizzazione, la privacy ed il firewall.","Pervia d'in sbagl nunenconuschent n'ha la posiziun betg pudì vegnir fixada cun success. Controllai la configuraziun per la localisaziun, la sfera privata ed il firewall da Voss apparat."
max_10_mb,max. 10 Mo,max. 10 MB,max. 10 Mo,max. 10 MB,max. 10 Mo
max_20_mb,max. 20 Mo,max. 20 MB,max. 20 Mo,max. 20 MB,max. 20 Mo
north,Nord,North,Nord,Nord,Nord
south,Süd,South,Sud,Sud,Süd
west,West,West,Ouest,Ovest,West
east,Ost,East,Est,Est,Ost
shop_draw_rectangle,Zeichnen Sie ein Rechteck,Draw a rectangle,Dessiner un rectangle,Disegnare un rettangolo,Zeichnen Sie ein Rechteck
shop_or_fill,oder füllen Sie die Felder aus,or fill the inputs,ou remplisser les champs,oppure riempire i campi,oder füllen Sie die Felder aus
area,Fläche,Area,Aire,Zona,Fläche
shop_choose,Perimeter wählen,Choose the perimeter,Choisir le périmètre,Selezionare il perimetro,Perimeter wählen
offline_cache_obsolete,Eine aktuellere Version der gespeicherten Offline Karte steht zur Verfügung. Löschen Sie die aktuell gespeicherte Karte über den Offline Knopf. Speichern Sie dann die neuere Karte neu ab.,A newer version of your stored offline map is available. Please delete your stored map via the offline button and save the desired map extent.,Une nouvelle version des données sauvergardées pour un usage hors-ligne est disponible. Veuillez supprimer les données via le bouton offline et sauvergarder une nouvelle version.,"Una nuova versione dei dati salvati per l'uso offline è ora disponibile. Vogliate eliminare i vecchi dati grazie al mottone ""Offline"" e salvare nuovamente la zona desiderata.",Eine aktuellere Version der gespeicherten Offline Karte steht zur Verfügung. Löschen Sie die aktuell gespeicherte Karte über den Offline Knopf unten rechts. Speichern Sie dann die neuere Karte neu ab.
draw_export,Export,Export,Exporter,Export,Export
add,Hinzufügen,Add,Ajouter,Aggiungere,Agiuntar
add_link,Link hinzufügen,Add a link,Ajouter un lien,Aggiungere un link,Agiuntar in link
add_image,Foto hinzufügen,Add a photo,Ajouter une photo,Aggiungere una foto,Agiuntar ina foto
add_video,Video hinzufügen,Add a video,Ajouter une vidéo,Aggiungere un video,Agiuntar in video
text_to_display,Link Beschreibung,Link description,Description du lien,Descrizione del link,Descripziun link
url_link,Webseite URL,Website URL,Lien du site web,Link del sito web,Link website
url_image,Foto  URL,Photo URL,Lien de la photo,Link della foto,Link foto
url_video,Video URL,Video URL,Lien de la vidéo,Link del video,Link video
more_info,Mehr dazu ...,More info ...,Plus d'informations ...,Più informazioni ...,Ulteriuras infurmaziuns ...
astra,ASTRA,FEDRO,OFROU,USTRA,UVIAS
astra_service_link_href,http://www.astra.admin.ch,http://www.astra.admin.ch,http://www.ofrou.admin.ch,http://www.ustra.admin.ch,http://www.astra.admin.ch
astra_service_link_label,Bundesamt für Strassen,Federal roads office,Office fédéral des routes,Ufficio federale delle strade,Uffizi federal da vias
topic_astra_tooltip,Bundesamt für Strassen,Federal roads office,Office fédéral des routes,Ufficio federale delle strade,Uffizi federal da vias
profile_elevation_difference,Höhendifferenz Start-Ende,Altitude difference start - end,Dénivellation départ-fin,Dislivello start-fine,Höhendifferenz Start-Ende
profile_elevation_up,Aufstieg,Ascent,Montée,Salita,Aufstieg
profile_elevation_down,Abstieg,Descent,Descente,Discesa,Abstieg
profile_poi_up,Höchster Punkt,Highest point,Point culminant,Punto più alto,Höchster Punkt
profile_poi_down,Tiefster Punkt,Lowest point,Point le plus bas,Punto più basso,Tiefster Punkt
profile_slope_distance,Wegstrecke,Path distance,Longeur chemin ,Lunghezza strada ,Wegstrecke
profile_distance,Luftlinie,Linear distance,Distance à vol d'oiseau,Lingia directa,Luftlinie
profile_hike_time,Marschzeit,Walking time,Temps de marche à pied,Tempo di percorrenza,Marschzeit
geolocation,Geolocation,Geolocation,Géolocalisation,Geolocalizzazione,Geolocation
contextpopup_lv03_url,//www.swisstopo.admin.ch/de/wissen-fakten/geodaesie-vermessung/bezugsrahmen/lokal/lv03.html,//www.swisstopo.admin.ch/en/knowledge-facts/surveying-geodesy/reference-frames/local/lv03.html,//www.swisstopo.admin.ch/fr/connaissances-faits/mensuration-geodesie/cadres-de-reference/local/mn03.html,//www.swisstopo.admin.ch/it/conoscenze-fatti/misurazione-geodesia/quadri-di-riferimento/locale/mn03.html,//www.swisstopo.admin.ch/de/wissen-fakten/geodaesie-vermessung/bezugsrahmen/lokal/lv03.html
contextpopup_lv95_url,//www.swisstopo.admin.ch/de/wissen-fakten/geodaesie-vermessung/bezugsrahmen/lokal/lv95.html,//www.swisstopo.admin.ch/en/knowledge-facts/surveying-geodesy/reference-frames/local/lv95.html,//www.swisstopo.admin.ch/fr/connaissances-faits/mensuration-geodesie/cadres-de-reference/local/mn95.html,//www.swisstopo.admin.ch/it/conoscenze-fatti/misurazione-geodesia/quadri-di-riferimento/locale/mn95.html,//www.swisstopo.admin.ch/de/wissen-fakten/geodaesie-vermessung/bezugsrahmen/lokal/lv95.html
test_host_warning,TESTSEITE – NICHT TEILEN -  NICHT FÜR PRODUKTIVEN GEBRAUCH<br/>Diese Seites ist für nur für Testzweck und sollte nicht in produktivem Umfeld eingesetzt werden. Es existiert absolut keine Garantie für den Gebrauch.,TESTSITE – DO NOT-SHARE -  NOT FOR OPERATIONAL USE<br/>This site is for testing purposes only. It's not meant for operational use and there's no guarantee whatsoever.,TESTSITE – DO NOT-SHARE -  NOT FOR OPERATIONAL USE<br/>This site is for testing purposes only. It's not meant for operational use and there's no guarantee whatsoever.,TESTSITE – DO NOT-SHARE -  NOT FOR OPERATIONAL USE<br/>This site is for testing purposes only. It's not meant for operational use and there's no guarantee whatsoever.,TESTSEITE – NICHT TEILEN -  NICHT FÜR PRODUKTIVEN GEBRAUCH<br/>Diese Seites ist für nur für Testzweck und sollte nicht in produktivem Umfeld eingesetzt werden. Es existiert absolut keine Garantie für den Gebrauch.
drop_invalid_url,URL ist ungültig.,URL is not valid.,URL non valide.,URL non valido,URL è nunvalid
approx_abbr,ca.,approx.,env.,ca.,ca.
shop_msg_title,swisstopo Onlineshop,swisstopo onlineshop,Shop en ligne swisstopo,swisstopo online shop,swisstopo Onlineshop
shop_msg_body,"Klicken Sie auf die Karte, um den gewünschten Perimeter auszuwählen.",Click on the map to select the perimeter to order.,Veuillez cliquer sur la carte pour sélectionner le périmètre de commande.,Cliccare sulla carta per selezionare il perimetro della comanda.,"Klicken Sie auf die Karte, um den gewünschten Perimeter auszuwählen"
never_show_again,Diese Meldung nicht mehr anzeigen.,Don't show this message again.,Ne plus afficher ce message.,Non mostrare più questo messaggio.,Diese Meldung nicht mehr anzeigen.
tilt3d_disabled,Dieser Hintergrund kann nicht in 3D verwendet werden,"Sorry, you can't use 3d with this background",Vous ne pouvez pas utiliser ce fond de plan en 3d,Non potete usare la funzione 3d con questo sfondo,Dieser Hintergrund kann nciht in 3D verwendet werden
tilt3d_active,Wechsle zu 2D Darstellung,Switch to 2d,Passer en 2d,"Passa a 2d
",Wechsle zu 2D Darstellung
tilt3d_inactive,Wechsle zu 3D Darstellung,Switch to 3d,Passer en 3d,Passa a 3d,Wechsle zu 3D Darstellung
geoloc_start_tracking_heading,Zeige Position und Richtung an,Start tracking your position and your heading,Démarrer le suivi de votre position et de votre direction,Inizia a registrare la posizione e la direzione,Zeige Position und Richtung an
geoloc_stop_tracking,Schalte Positionierung aus,Stop tracking your position,Arréter le suivi de votre position,Interrompi la registrazione della posizione,Schalte Positionierung aus
geoloc_start_tracking,Schalte Positionierung ein,Start tracking your position,Démarrer le suivi de votre position,Inizia a registrare la posizione,Schalte Positionierung ein
zoom_in,Vergrössere Kartenausschnitt,Zoom in,Zoomer plus,Zoom in avanti,Vergrössere Kartenausschnitt
zoom_out,Verkleinere Kartenausschnitt,Zoom out,Zoomer moins,Zoom indietro,Verkleinere Kartenausschnitt
bg_toggle,Zeige Hintergrundauswahl an,Toggle the list of backgrounds,Afficher/masquer la liste des fonds de plan,Attiva la lista degli sfondi,Zeige Hintergrundauswahl an
rotate_reset,Setze Ausrichtung Karte zurück auf Norden,Reset rotation to north,Réinitialiser l'orientation de la carte au nord,Resetta l'orientamento verso Nord,Setze Ausrichtung Karte zurück auf Norden
rotate_right,Drehe nach rechts,Rotate right,Rotation à droite,Ruota a destra,Drehe nach rechts
rotate_left,Drehe nach links,Rotate left,Rotation à gauche,Ruota a sinistra,Drehe nach links
tilt_reset,Setze Schrägdarstellung zurück,Reset tilt,Réinitilaiser l'inclinaison,Resetta l'inclinazione,Setze Schrägdarstellung zurück
tilt_up,Neige Darstellung nach oben,Tilt up,Incliner vers le haut,Inclina verso l'alto,Neige Darstellung nach oben
tilt_down,Neige Darstellung nach unten,Tilt down,Incliner vers le bas,Inclina verso il basso,Neige Darstellung nach unten
tilt_up_disabled,Es kann nicht weiter nach oben geneigt werden,You can't tilt more,Vous ne pouvez incliner plus,Non è possibile inclinare di più,Es kann nicht weiter nach oben geneigt werden
tilt_down_disabled,Es kann nicht weiter nach unten geneigt werden,You can't tilt less,Vous ne pouvez incliner moins,Non è possibile inclinare di meno,Es kann nicht weiter nach unten geneigt werden
offline_show,Zeige Offline Menu,Show offline menu,Afficher le menu hors-ligne,Mostra il menu offline,Zeige Offline Menu
geodesy,Geodäsie,Geodesy,Géodesie,Geodesia,Geodäsie
geodesy_service_link_href,https://www.swisstopo.admin.ch/de/wissen-fakten/geodaesie-vermessung.html,https://www.swisstopo.admin.ch/en/knowledge-facts/surveying-geodesy.html,https://www.swisstopo.admin.ch/fr/connaissances-faits/mensuration-geodesie.html,https://www.swisstopo.admin.ch/it/conoscenze-fatti/misurazione-geodesia.html,https://www.swisstopo.admin.ch/de/wissen-fakten/geodaesie-vermessung.html
geodesy_service_link_label,Geodäsie,Geodesy,Géodesie,Geodesia,Geodäsie
topic_geodesy_tooltip,Geodäsie,Geodesy,Géodesie,Geodesia,Geodäsie
upload_failed,Fehler beim Hochladen!,Upload error!,Erreur de chargement!,Caricamento fallito!,Errur da chargiar
upload_succeeded,Upload OK!,Upload OK!,Chargement OK!,Caricamento OK!,Chargiar reussì
uploading_file,Laden...,Loading file...,Chargement du fichier...,Caricamento del file...,La datoteca vegn chargiada
read_failed,Lesen Fehler!,Read error!,Erreur de lecture!,Errore di lettura!,Errur d'import
read_succeeded,Laden erfolgreich,Loading OK!,Chargement OK!,Caricamento OK!,Chargiar reussì
reading_file,Laden...,Loading file...,Chargement du fichier...,Caricamento del file...,La datoteca vegn chargiada
parse_failed,Parsing-Fehler,Parsing error!,Erreur de parsing!,Errore di parsing!,Errur da Parsing!
parse_succeeded,Laden erfolgreich,Loading OK!,Chargement OK!,Caricamento OK!,Chargiar reussì
parsing_file,Laden...,Loading file...,Chargement du fichier...,Caricamento del file...,La datoteca vegn chargiada
connect,Verbinden,Connect,Connecter,Connessione,Connectar
import_online_placeholder,WMS KML URL ,WMS KML URL,WMS KML URL,WMS KML URL,WMS KML URL
import_tooltip,Importieren Sie externe WMS KML Datenquellen,Import external WMS KML sources,Importer des données WMS KML externes,Importare  dati WMS KML esterni,Agiuntar in unitad da datas WMS KML externa
import,Importieren,Import,Importer,Importare,Importar
load_local_file,Laden...,Load,Charger,Caricare,Chargiar
operation_canceled,Operation abgebrochen,Operation canceled,Opération annulée,Operazione cancellata,Operaziun interutta
feedback_description,"Melden Sie uns in diesem Feld Änderungen in der Karte, Verbesserungen der Daten oder Fragen zu dieser Website (erforderlich) :","Report in this field changes in the map, improvements to the data or questions about this website (required) :","Faites-nous part de modifications de la carte, d’amélioration des données ou posez des questions sur ce site dans ce champ (obligatoire) :","Ci comunichi in questo campo cambiamenti nella carta, miglioramenti dei dati o domande su questo sito (obbligatorio) :",
feedback_drawing,Markieren Sie den entsprechenden Ort in der Karte :,Indicate the appropriate location on the map :,Situez le lieu concerné dans la carte :,Indichi il luogo corrispondente nella carta :,
feedback_mail,Ihre E-Mail Adresse :,Your Email :,Votre email :,La sua email :,
feedback_permalink,Der folgende Link wird übermittelt: ,The following URL will be transferred: ,L'URL suivante va être transférée: ,Il seguente URL verrá inviato: ,
feedback_disclaimer,"Mit dem Absenden Ihre Meldung erklären Sie sich damit einverstanden, dass die von Ihnen gemachten Angaben von einer Amtsstelle des Bundes in anonymisierter Form gespeichert, verarbeitet und eventuell publiziert werden können. <a href='https://www.geo.admin.ch/de/about-swiss-geoportal/impressum.html#drawing' target='_blank'>Nutzungsbedingungen</a>","By submitting your message, you agree that the information you provided may be stored, processed and possibly published in an anonymous form by an official office of the Confederation. <a href='https://www.geo.admin.ch/en/about-swiss-geoportal/impressum.html#drawing' target='_blank'>Terms of use</a>","En envoyant votre message, vous acceptez que les informations fournies soient stockée, traitée et éventuellement publiées sous une forme anonyme par un organisme officiel de la Confédération.  <a href='https://www.geo.admin.ch/fr/about-swiss-geoportal/impressum.html#drawing' target='_blank'>Conditions d'utilisation</a>","nviando un messaggio, l’utente accetta che le informazioni fornite siano salvate, trattate ed eventualmente pubblicate in forma anonima da parte di un organismo ufficiale della Confederazione. <a href='https://www.geo.admin.ch/it/about-swiss-geoportal/impressum.html#iframe' target='_blank'>Condizioni d'uso.</a>", <a href='https://www.geo.admin.ch/rm/about-swiss-geoportal/impressum.html#drawing' target='_blank'>Cundiziuns d'utilisaziun</a>
feedback_success_message,Danke für Ihre Nachricht. Sie wurde erfolgreich versendet.,Your message was successfully sent. Thank you.,Votre message a été envoyé avec succès. Merci.,Il suo messaggio è stato inviato con successo. Grazie.,Rapport trasmess cun success. Grazia.
feedback_error_message,Problem beim Versenden der Meldung. ,Problem: Your message could not be sent,Problème lors de l'envoi,Errore! Messaggio non trasmesso,